{
  "co2": 643.7,
  "temperature": 24.6,
  "humidity": 37.8,
  "source": "sensor",
  "timestamp": "2025-03-08T20:24:45.741223",
  "unix_timestamp": 1741461885.7412386
}