{
  "co2": 5000,
  "temperature": 22.7,
  "humidity": 100.0,
  "fan_speed": 100.0,
  "source": "sensor",
  "timestamp": "2025-03-12T13:29:07.058173",
  "unix_timestamp": 1741782547.0581968
}