{
  "co2": 688,
  "temperature": 21.9,
  "humidity": 39.0,
  "source": "sensor",
  "timestamp": "2025-03-08T18:31:07.168619",
  "unix_timestamp": 1741455067.1686392
}