{
  "co2": 5000,
  "temperature": 22.7,
  "humidity": 100.0,
  "fan_speed": 100.0,
  "source": "sensor",
  "timestamp": "2025-03-12T12:48:32.929352",
  "unix_timestamp": 1741780112.929374
}