{
  "co2": 641.4,
  "temperature": 22.2,
  "humidity": 37.6,
  "source": "sensor",
  "timestamp": "2025-03-08T19:14:14.604445",
  "unix_timestamp": 1741457654.6044598
}